time,r_relay
0.0,0
0.1,8.610729906094270
0.12,9.362739353946100
0.14,10.048689990957600
0.16,10.682669908986800
0.18,11.274409481091600
0.2,11.830958239495800
0.22,12.357614485722800
0.24,12.858478021126700
0.26,13.336797299142300
0.28,13.79519729599160
0.3,14.235834620811400
0.32,14.660506365811200
0.34,15.070728500915600
0.36,15.467793611066900
0.38,15.852814256093000
0.4,16.2267560959037
0.42,16.590463583898900
0.44,16.944680167790400
0.46,17.290064366444300
0.48,17.62720270603
0.5,17.95662023337100
0.52,18.278789138325000
0.54,18.594135884443200
0.56,18.903047151289000
0.58,19.205874821529800
0.6,19.502940193776600
0.62,19.794537563001600
0.64,20.080937280676900
0.66,20.362388384027500
0.68,20.63912086620390
0.7,20.91134764546800
0.72,21.17926628070330
0.74,21.44306047202440
0.76,21.702901378452600
0.78,21.958948779155100
0.8,22.211352100334200
0.82,22.460251326258500
0.84,22.705777810000900
0.86,22.948054997033800
0.88,23.187199072847300
0.9,23.423319544103900
0.92,23.656519761466700
0.94,23.88689739109030
0.96,24.114544840794500
0.98,24.339549646124100
1.0,24.561994820808400
1.02,24.78195917554630
1.04,24.999517608541000
1.06,25.214741370781100
1.08,25.42769830869470
1.1,25.6384530864886
1.12,25.847067390210400
1.14,26.053600115332600
1.16,26.25810753945490
1.18,26.46064348153960
1.2,26.661259448940900
1.22,26.860004773348500
1.24,27.05692673665100
1.26,27.252070687614100
1.28,27.44548015018060
1.3,27.637196924112700
1.32,27.827261178628600
1.34,28.015711539618800
1.36,28.20258517097070
1.38,28.387917850480600
1.4,28.571744040786300
1.42,28.75409695571220
1.44,28.935008622384900
1.46,29.114509939443300
1.48,29.29263073163750
1.5,29.46939980108850
1.52,29.644844975452500
1.54,29.818993153215400
1.56,29.991870346323900
1.58,30.1635017203414
1.6,30.333911632301600
1.62,30.50312366641940
1.64,30.671160667804800
1.66,30.8380447743144
1.68,31.003797446664800
1.7,31.168439496921800
1.72,31.33199111547150
1.74,31.494471896570500
1.76,31.65590086256550
1.78,31.81629648686570
1.8,31.975676715746400
1.82,32.13405898905430
1.84,32.29146025988150
1.86,32.44789701327160
1.88,32.603385284012900
1.9,32.75794067357480
1.92,32.91157836623570
1.94,33.06431314444980
1.96,33.21615940349570
1.98,33.36713116544730
2.0,33.51724209250590
2.02,33.666505499726600
2.04,33.81493436717490
2.06,33.96254135154230
2.08,34.10933879725060
2.1,34.25533874707240
2.12,34.40055295229330
2.14,34.54499288243880
2.16,34.688669734589400
2.18,34.831594442304900
2.2,34.97377768417710
2.22,35.115229892029700
2.24,35.25596125878440
2.26,35.39598174600660
2.28,35.535301091150500
2.3,35.67392881451410
2.32,35.81187422592130
2.34,35.94914643114170
2.36,36.085754338062500
2.38,36.22170666262250
2.4,36.35701193452020
2.42,36.4916785027063
2.44,36.62571454066990
2.46,36.759128051528600
2.48,36.891926872930900
2.5,37.0241186817786
2.52,37.155710998778800
2.54,37.286711192831300
2.56,37.41712648525950
2.58,37.54696395389160
2.6,37.67623053699790
2.62,37.804933037090900
2.64,37.93307812459370
2.66,38.06067234138250
2.68,38.18772210420810
2.7,38.31423370800160
2.72,38.44021332906900
2.74,38.56566702817900
2.76,38.690600753549300
2.78,38.81502034373350
2.8,38.93893153041490
2.82,39.06233994110930
2.84,39.18525110178030
2.86,39.30767043937220
2.88,39.42960328426120
2.9,39.551054872630600
2.92,39.672030348770600
2.94,39.792534767307400
2.96,39.91257309536300
2.98,40.03215021464890
3.0,40.15127092349630
3.02,40.26993993882440
3.04,40.38816189804990
3.06,40.50594136093940
3.08,40.623282811406800
3.1,40.74019065925760
3.12,40.85666924188250
3.14,40.97272282590140
3.16,41.08835560875990
3.18,41.20357172028010
3.2,41.318375224167000
3.22,41.43277011947200
3.24,41.546760342015800
3.26,41.660349765770500
3.28,41.773542204203800
3.3,41.88634141158600
3.32,41.99875108426080
3.34,42.110774861881400
3.36,42.222416328613300
3.38,42.33367901430380
3.4,42.44456639562150
3.42,42.55508189716340
3.44,42.66522889253490
3.46,42.775010705399200
3.48,42.884430610500400
3.5,42.99349183465960
3.52,43.102197557745100
3.54,43.21055091361740
3.56,43.31855499105070
3.58,43.42621283462950
3.6,43.5335274456241
3.62,43.64050178284290
3.64,43.74713876346370
3.66,43.853441263843900
3.68,43.95941212031140
3.7,44.065054129935200
3.72,44.17037005127740
3.74,44.27536260512680
3.76,44.38003447521480
3.78,44.48438830891380
3.8,44.5884267179189
3.82,44.692152278913500
3.84,44.795567534218600
3.86,44.898674992427400
3.88,45.00147712902460
3.9,45.10397638699060
3.92,45.2061751773933
3.94,45.30807587996420
3.96,45.409680843662500
3.98,45.510992387226200
4.0,45.61201279971000
4.02,45.712744341011200
4.04,45.81318924238420
4.06,45.913349706943
4.08,46.01322791015230
4.1,46.11282600030820
4.12,46.21214609900760
4.14,46.31119030160800
4.16,46.40996067767660
4.18,46.50845927142960
4.2,46.6066881021625
4.22,46.70464916467080
4.24,46.80234442966100
4.26,46.89977584415430
4.28,46.996945331879800
4.3,47.093854793661000
4.32,47.1905061077935
4.34,47.286901130414100
4.36,47.383041695863400
4.38,47.47892961704000
4.4,47.57456668574770
4.42,47.669954673035200
4.44,47.76509532952940
4.46,47.85999038576100
4.48,47.95464155248470
4.5,48.049050520991500
4.52,48.143218963415900
4.54,48.23714853303600
4.56,48.33084086456850
4.58,48.424297574456700
4.6,48.51752026115410
4.62,48.61051050540120
4.64,48.703269870497700
4.66,48.795799902568600
4.68,48.88810213082640
4.7,48.98017806782620
4.72,49.07202920971810
4.74,49.163657036493000
4.76,49.255063012224700
4.78,49.34624858530690
4.8,49.43721518868580
4.82,49.52796424008850
4.84,49.61849714224670
4.86,49.70881528311660
4.88,49.79892003609440
4.9,49.888812760228000
4.92,49.97849480042450
4.94,50.067967487654500
4.96,50.1572321391514
4.98,50.246290058608600
5.0,50.335142536371900
5.02,50.423790849628800
5.04,50.512236262595000
5.06,50.600480026696000
5.08,50.68852338074710
5.1,50.77636755112930
5.12,50.86401375196220
5.14,50.95146318527360
5.16,51.038717041167
5.18,51.12577649798470
5.2,51.21264272246960
5.22,51.29931686992300
5.24,51.38580008435990
5.26,51.47209349866250
5.28,51.55819823472950
5.3,51.64411540362430
5.32,51.72984610571950
5.34,51.81539143084000
5.36,51.9007524584025
5.38,51.985930257553800
5.4,52.07092588730600
5.42,52.1557403966694
5.44,52.24037482478380
5.46,52.32483020104680
5.48,52.40910754524100
5.5,52.49320786765780
5.52,52.57713216922010
5.54,52.66088144160290
5.56,52.74445666735120
5.58,52.827858819997200
5.6,52.91108886417420
5.62,52.99414775572990
5.64,53.07703644183690
5.66,53.159755861101900
5.68,53.242306943673300
5.7,53.32469061134670
5.72,53.40690777766870
5.74,53.4889593480396
5.76,53.570846219813700
5.78,53.652569282398600
5.8,53.734129417352700
5.82,53.815527498481400
5.84,53.89676439193130
5.86,53.97784095628330
5.88,54.05875804264460
5.9,54.13951649473840
5.92,54.22011714899280
5.94,54.300560834628500
5.96,54.38084837374460
5.98,54.46098058140360
6.0,54.5409582657146
6.02,54.62078222791600
6.04,54.70045326245590
6.06,54.77997215707250
6.08,54.85933969287190
6.1,54.93855664440640
6.12,55.017623779750000
6.14,55.09654186057380
6.16,55.175311642220200
6.18,55.25393387377530
6.2,55.332409298141100
6.22,55.41073865210650
6.24,55.488922666416300
6.26,55.56696206584070
6.28,55.644857569242600
6.3,55.72260988964440
6.32,55.80021973429400
6.34,55.877687804729300
6.36,55.955014796842500
6.38,56.032201400942600
6.4,56.109248301818200
6.42,56.18615617879800
6.44,56.26292570581150
6.46,56.33955755144850
6.48,56.416052379017900
6.5,56.492410846605000
6.52,56.56863360712910
6.54,56.644721308399500
6.56,56.72067459317100
6.58,56.79649409919850
6.6,56.87218045929090
6.62,56.94773430136460
6.64,57.02315624849540
6.66,57.09844691897080
6.68,57.173606926340600
6.7,57.24863687946770
6.72,57.32353738257720
6.74,57.398309035305700
6.76,57.47295243274970
6.78,57.547468165512800
6.8,57.62185681975350
6.82,57.696118977230900
6.84,57.77025521535090
6.86,57.8442661072109
6.88,57.91815222164510
6.9,57.99191412326780
6.92,58.06555237251730
6.94,58.13906752569830
6.96,58.212460135024500
6.98,58.285730748660300
7.0,58.358879910761700
7.02,58.431908161517400
7.04,58.504816037188400
7.06,58.57760407014790
7.08,58.65027278892050
7.1,58.72282271822040
7.12,58.79525437899010
7.14,58.86756828843710
7.16,58.939764960071900
7.18,59.0118449037443
7.2,59.08380862567950
7.22,59.155656628513900
7.24,59.22738941133060
7.26,59.29900746969380
7.28,59.3705112956837
7.3,59.44190137793010
7.32,59.51317820164610
7.34,59.584342248661200
7.36,59.655393997454100
7.38,59.726333923185000
7.4,59.79716249772740
7.42,59.86788018969970
7.44,59.938487464496500
7.46,60.00898478431890
7.48,60.079372608205700
7.5,60.14965139206240
7.52,60.2198215886917
7.54,60.2898836478224
7.56,60.35983801613830
7.58,60.42968513730710
7.6,60.49942545200830
7.62,60.5690593979613
7.64,60.638587409952900
7.66,60.70800991986470
7.68,60.77732735669980
7.7,60.84654014660970
7.72,60.91564871292020
7.74,60.9846534761577
7.76,61.053554854074900
7.78,61.122353261675900
7.8,61.19104911124150
7.82,61.259642812353900
7.84,61.32813477192130
7.86,61.39652539420200
7.88,61.464815080828400
7.9,61.533004230830700
7.92,61.60109324066010
7.94,61.669082504212000
7.96,61.73697241284920
7.98,61.80476335542390
8.0,61.87245571830040
8.02,61.94004988537720
8.04,62.00754623810860
8.06,62.07494515552670
8.08,62.14224701426200
8.1,62.20945218856540
8.12,62.276561050328400
8.14,62.34357396910400
8.16,62.4104913121271
8.18,62.477313444334500
8.2,62.544040728385200
8.22,62.61067352467960
8.24,62.67721219137950
8.26,62.743657084427200
8.28,62.81000855756450
8.3,62.87626696235170
8.32,62.94243264818610
8.34,63.008505962320800
8.36,63.074487249882400
8.38,63.14037685388970
8.4,63.206175115271000
8.42,63.27188237288220
8.44,63.337498963524
8.46,63.40302522195930
8.48,63.468461480930400
8.5,63.53380807117560
8.52,63.59906532144630
8.54,63.66423355852330
8.56,63.72931310723350
8.58,63.79430429046570
8.6,63.859207429187
8.62,63.924022842458400
8.64,63.98875084745060
8.66,64.05339175945980
8.68,64.11794589192250
8.7,64.18241355643110
8.72,64.24679506274920
8.74,64.31109071882580
8.76,64.37530083081070
8.78,64.4394257030686
8.8,64.5034656381939
8.82,64.56742093702480
8.84,64.63129189865750
8.86,64.69507882046020
8.88,64.7587819980867
8.9,64.82240172549070
8.92,64.88593829493870
8.94,64.94939199702390
8.96,65.01276312067930
8.98,65.07605195319080
9.0,65.13925878021040
9.02,65.20238388576900
9.04,65.26542755228920
9.06,65.32839006059760
9.08,65.39127168993810
9.1,65.45407271798350
9.12,65.51679342084810
9.14,65.57943407309970
9.16,65.64199494777200
9.18,65.70447631637580
9.2,65.76687844891160
9.22,65.82920161388040
9.24,65.89144607829620
9.26,65.9536121076964
9.28,66.01569996615410
9.3,66.07770991628850
9.32,66.1396422192766
9.34,66.20149713486390
9.36,66.26327492137520
9.38,66.3249758357257
9.4,66.38660013343140
9.42,66.4481480686197
9.44,66.50961989404010
9.46,66.57101586107420
9.48,66.63233621974630
9.5,66.69358121873340
9.52,66.75475110537540
9.54,66.81584612568470
9.56,66.87686652435670
9.58,66.93781254477910
9.6,66.99868442904180
9.62,67.05948241794640
9.64,67.12020675101580
9.66,67.1808576665035
9.68,67.24143540140320
9.7,67.30194019145770
9.72,67.36237227116820
9.74,67.42273187380360
9.76,67.48301923140920
9.78,67.5432345748155
9.8,67.60337813364740
9.82,67.66345013633280
9.84,67.72345081011110
9.86,67.78338038104180
9.88,67.84323907401320
9.9,67.90302711275090
9.92,67.96274471982550
9.94,68.02239211666170
9.96,68.08196952354590
9.98,68.14147715963470
10.0,68.20091524296270
10.02,68.26028399045040
10.04,68.31958361791230
10.06,68.37881434006500
10.08,68.43797637053400
10.1,68.49706992186260
10.12,68.55609520551850
10.14,68.61505243190190
10.16,68.67394181035300
10.18,68.73276354915890
10.2,68.79151785556170
10.22,68.85020493576520
10.24,68.90882499494210
10.26,68.96737823724180
10.28,69.0258648657966
10.3,69.08428508272940
10.32,69.14263908916050
10.34,69.20092708521410
10.36,69.2591492700258
10.38,69.3173058417489
10.4,69.37539699756130
10.42,69.43342293367220
10.44,69.49138384532840
10.46,69.5492799268215
10.48,69.60711137149360
10.5,69.66487837174430
10.52,69.72258111903680
10.54,69.7802198039044
10.56,69.83779461595670
10.58,69.89530574388560
10.6,69.95275337547190
10.62,70.01013769759100
10.64,70.06745889621930
10.66,70.1247171564397
10.68,70.18191266244820
10.7,70.23904559755940
10.72,70.29611614421230
10.74,70.35312448397640
10.76,70.41007079755710
10.78,70.46695526480180
10.8,70.52377806470510
10.82,70.58053937541500
10.84,70.6372393742377
10.86,70.69387823764380
10.88,70.75045614127350
10.9,70.8069732599419
10.92,70.86342976764450
10.94,70.91982583756270
10.96,70.97616164206870
10.98,71.03243735273100
11.0,71.08865314031980
11.02,71.14480917481160
11.04,71.2009056253948
11.06,71.25694266047460
11.08,71.31292044767800
11.1,71.36883915385890
11.12,71.4246989451029
11.14,71.48049998673230
11.16,71.53624244331100
11.18,71.59192647864920
11.2,71.64755225580850
11.22,71.70311993710600
11.24,71.75862968411980
11.26,71.81408165769320
11.28,71.86947601793950
11.3,71.92481292424640
11.32,71.98009253528080
11.34,72.0353150089933
11.36,72.09048050262240
11.38,72.14558917269940
11.4,72.20064117505250
11.42,72.25563666481120
11.44,72.31057579641080
11.46,72.36545872359670
11.48,72.42028559942840
11.5,72.4750565762841
11.52,72.52977180586480
11.54,72.58443143919820
11.56,72.63903562664350
11.58,72.6935845178946
11.6,72.74807826198500
11.62,72.80251700729150
11.64,72.85690090153820
11.66,72.9112300918003
11.68,72.96550472450860
11.7,73.019724945453
11.72,73.07389089978640
11.74,73.12800273202870
11.76,73.18206058607050
11.78,73.23606460517720
11.8,73.29001493199230
11.82,73.34391170854160
11.84,73.39775507623660
11.86,73.45154517587830
11.88,73.50528214766090
11.9,73.55896613117550
11.92,73.61259726541320
11.94,73.66617568876960
11.96,73.71970153904730
11.98,73.7731749534603
12.0,73.82659606863700
12.02,73.87996502062370
12.04,73.93328194488830
12.06,73.98654697632340
12.08,74.03976024924990
12.1,74.09292189742030
12.12,74.14603205402210
12.14,74.19909085168100
12.16,74.25209842246410
12.18,74.30505489788350
12.2,74.35796040889920
12.22,74.41081508592270
12.24,74.4636190588196
12.26,74.51637245691340
12.28,74.56907540898820
12.3,74.621728043292
12.32,74.67433048753990
12.34,74.72688286891680
12.36,74.77938531408110
12.38,74.83183794916690
12.4,74.88424089978770
12.42,74.93659429103900
12.44,74.98889824750160
12.46,75.0411528932441
12.48,75.09335835182610
12.5,75.14551474630120
12.52,75.19762219921940
12.54,75.24968083263060
12.56,75.30169076808710
12.58,75.35365212664630
12.6,75.40556502887350
12.62,75.45742959484530
12.64,75.50924594415130
12.66,75.56101419589760
12.68,75.61273446870960
12.7,75.66440688073390
12.72,75.71603154964190
12.74,75.76760859263180
12.76,75.81913812643150
12.78,75.87062026730140
12.8,75.92205513103650
12.82,75.97344283296950
12.84,76.02478348797300
12.86,76.07607721046240
12.88,76.12732411439800
12.9,76.1785243132878
12.92,76.22967792018990
12.94,76.28078504771520
12.96,76.33184580802930
12.98,76.3828603128556
13.0,76.4338286734772
13.02,76.48475100073970
13.04,76.53562740505320
13.06,76.58645799639510
13.08,76.63724288431220
13.1,76.6879821779229
13.12,76.73867598591990
13.14,76.7893244165723
13.16,76.83992757772770
13.18,76.890485576815
13.2,76.940998520846
13.22,76.9914665164182
13.24,77.04188966971670
13.26,77.09226808651670
13.28,77.14260187218520
13.3,77.19289113168370
13.32,77.24313596957040
13.34,77.29333649000160
13.36,77.34349279673480
13.38,77.39360499313010
13.4,77.44367318215290
13.42,77.49369746637550
13.44,77.54367794797920
13.46,77.59361472875700
13.48,77.64350791011470
13.5,77.6933575930737
13.52,77.7431638782728
13.54,77.79292686597000
13.56,77.84264665604490
13.58,77.89232334800010
13.6,77.94195704096380
13.62,77.99154783369130
13.64,78.04109582456750
13.66,78.09060111160790
13.68,78.14006379246150
13.7,78.18948396441200
13.72,78.23886172438030
13.74,78.28819716892590
13.76,78.33749039424870
13.78,78.38674149619150
13.8,78.43595057024110
13.82,78.4851177115306
13.84,78.53424301484110
13.86,78.58332657460340
13.88,78.63236848490000
13.9,78.68136883946660
13.92,78.73032773169420
13.94,78.7792452546306
13.96,78.82812150098240
13.98,78.87695656311640
14.0,78.92575053306160
14.02,78.9745035025108
14.04,79.02321556282250
14.06,79.07188680502220
14.08,79.12051731980440
14.1,79.16910719753420
14.12,79.21765652824900
14.14,79.26616540165990
14.16,79.31463390715390
14.18,79.36306213379470
14.2,79.41145017032510
14.22,79.45979810516820
14.24,79.50810602642900
14.26,79.55637402189640
14.28,79.6046021790439
14.3,79.65279058503220
14.32,79.70093932671020
14.34,79.7490484906163
14.36,79.79711816298070
14.38,79.84514842972610
14.4,79.89313937646990
14.42,79.94109108852530
14.44,79.98900365090280
14.46,80.03687714831220
14.48,80.08471166516310
14.5,80.1325072855674
14.52,80.1802640933402
14.54,80.22798217200130
14.56,80.27566160477680
14.58,80.32330247460050
14.6,80.37090486411500
14.62,80.41846885567360
14.64,80.46599453134160
14.66,80.51348197289740
14.68,80.5609312618342
14.7,80.60834247936120
14.72,80.65571570640500
14.74,80.70305102361110
14.76,80.75034851134520
14.78,80.7976082496944
14.8,80.84483031846870
14.82,80.8920147972023
14.84,80.93916176515480
14.86,80.98627130131280
14.88,81.03334348439090
14.9,81.08037839283310
14.92,81.1273761048142
14.94,81.17433669824100
14.96,81.22126025075350
14.98,81.26814683972620
15.0,81.3149965422696
15.02,81.3618094352311
15.04,81.40858559519640
15.06,81.45532509849090
15.08,81.50202802118050
15.1,81.5486944390732
15.12,81.59532442772030
15.14,81.6419180624175
15.16,81.68847541820590
15.18,81.73499656987360
15.2,81.7814815919567
15.22,81.82793055874030
15.24,81.87434354426000
15.26,81.92072062230290
15.28,81.96706186640850
15.3,82.01336734987050
15.32,82.05963714573740
15.34,82.10587132681360
15.36,82.152069965661
15.38,82.19823313459970
15.4,82.24436090570940
15.42,82.29045335083010
15.44,82.33651054156380
15.46,82.38253254927510
15.48,82.42851944509250
15.5,82.47447129990940
15.52,82.52038818438530
15.54,82.56627016894680
15.56,82.61211732378870
15.58,82.65792971887490
15.6,82.70370742393970
15.62,82.74945050848860
15.64,82.79515904179970
15.66,82.84083309292420
15.68,82.88647273068800
15.7,82.93207802369230
15.72,82.97764904031470
15.74,83.02318584871060
15.76,83.06868851681350
15.78,83.11415711233670
15.8,83.15959170277370
15.82,83.20499235539970
15.84,83.2503591372723
15.86,83.2956921152324
15.88,83.34099135590540
15.9,83.3862569257021
15.92,83.43148889081950
15.94,83.47668731724200
15.96,83.5218522707422
15.98,83.56698381688180
16.0,83.61208202101260
16.02,83.65714694827750
16.04,83.70217866361150
16.06,83.74717723174220
16.08,83.79214271719110
16.1,83.83707518427470
16.12,83.88197469710470
16.14,83.92684131958950
16.16,83.97167511543510
16.18,84.01647614814560
16.2,84.06124448102430
16.22,84.10598017717470
16.24,84.1506832995012
16.26,84.19535391071
16.28,84.23999207331
16.3,84.28459784961380
16.32,84.32917130173810
16.34,84.37371249160520
16.36,84.41822148094340
16.38,84.46269833128780
16.4,84.50714310398160
16.42,84.55155586017630
16.44,84.59593666083320
16.46,84.64028556672350
16.48,84.6846026384298
16.5,84.72888793634650
16.52,84.77314152068080
16.54,84.81736345145320
16.56,84.8615537884989
16.58,84.90571259146790
16.6,84.94983991982640
16.62,84.99393583285710
16.64,85.03800038966020
16.66,85.08203364915430
16.68,85.12603567007700
16.7,85.1700065109858
16.72,85.21394623025860
16.74,85.2578548860949
16.76,85.30173253651610
16.78,85.3455792393665
16.8,85.38939505231420
16.82,85.43318003285140
16.84,85.4769342382956
16.86,85.52065772579010
16.88,85.56435055230480
16.9,85.60801277463680
16.92,85.6516444494113
16.94,85.69524563308240
16.96,85.73881638193340
16.98,85.78235675207810
17.0,85.8258667994609
17.02,85.86934657985810
17.04,85.9127961488781
17.06,85.95621556196250
17.08,85.99960487438640
17.1,86.04296414125940
17.12,86.08629341752630
17.14,86.12959275796750
17.16,86.17286221720010
17.18,86.21610184967800
17.2,86.25931170969310
17.22,86.30249185137590
17.24,86.34564232869590
17.26,86.38876319546230
17.28,86.43185450532510
17.3,86.47491631177500
17.32,86.51794866814500
17.34,86.56095162761000
17.36,86.60392524318830
17.38,86.64686956774190
17.4,86.68978465397710
17.42,86.73267055444520
17.44,86.77552732154310
17.46,86.81835500751390
17.48,86.86115366444780
17.5,86.9039233442824
17.52,86.94666409880330
17.54,86.98937597964510
17.56,87.03205903829140
17.58,87.07471332607610
17.6,87.11733889418350
17.62,87.15993579364920
17.64,87.20250407536050
17.66,87.24504379005690
17.68,87.28755498833130
17.7,87.33003772062970
17.72,87.37249203725260
17.74,87.41491798835500
17.76,87.45731562394740
17.78,87.4996849938961
17.8,87.5420261479238
17.82,87.58433913561040
17.84,87.62662400639330
17.86,87.66888080956820
17.88,87.71110959428940
17.9,87.75331040957060
17.92,87.79548330428550
17.94,87.83762832716790
17.96,87.87974552681290
17.98,87.92183495167690
18.0,87.96389665007860
18.02,88.00593067019910
18.04,88.0479370600828
18.06,88.08991586763780
18.08,88.13186714063630
18.1,88.1737909267156
18.12,88.21568727337790
18.14,88.25755622799150
18.16,88.299397837791
18.18,88.34121214987790
18.2,88.38299921122100
18.22,88.42475906865710
18.24,88.46649176889160
18.26,88.50819735849850
18.28,88.54987588392160
18.3,88.59152739147450
18.32,88.63315192734120
18.34,88.67474953757700
18.36,88.71632026810820
18.38,88.75786416473360
18.4,88.79938127312400
18.42,88.84087163882340
18.44,88.8823353072494
18.46,88.92377232369330
18.48,88.96518273332080
18.5,89.00656658117270
18.52,89.0479239121651
18.54,89.08925477109
18.56,89.13055920261570
18.58,89.17183725128750
18.6,89.2130889615276
18.62,89.2543143776364
18.64,89.29551354379230
18.66,89.33668650405230
18.68,89.37783330235290
18.7,89.41895398251000
18.72,89.46004858821940
18.74,89.5011171630577
18.76,89.54215975048250
18.78,89.58317639383260
18.8,89.62416713632880
18.82,89.66513202107440
18.84,89.70607109105520
18.86,89.74698438914040
18.88,89.78787195808280
18.9,89.82873384051930
18.92,89.8695700789713
18.94,89.91038071584520
18.96,89.9511657934328
18.98,89.99192535391180
19.0,90.03265943934590
19.02,90.07336809168590
19.04,90.11405135276930
19.06,90.15470926432140
19.08,90.19534186795530
19.1,90.23594920517250
19.12,90.27653131736330
19.14,90.31708824580730
19.16,90.3576200316734
19.18,90.3981267160209
19.2,90.43860833979930
19.22,90.47906494384880
19.24,90.51949656890130
19.26,90.55990325557980
19.28,90.60028504439960
19.3,90.64064197576860
19.32,90.68097408998710
19.34,90.72128142724910
19.36,90.76156402764180
19.38,90.80182193114670
19.4,90.84205517763950
19.42,90.88226380689100
19.44,90.92244785856670
19.46,90.96260737222810
19.48,91.00274238733230
19.5,91.04285294323300
19.52,91.08293907918030
19.54,91.12300083432170
19.56,91.16303824770190
19.58,91.2030513582634
19.6,91.2430402048471
19.62,91.28300482619230
19.64,91.32294526093740
19.66,91.3628615476197
19.68,91.40275372467660
19.7,91.44262183044540
19.72,91.4824659031635
19.74,91.52228598096940
19.76,91.56208210190270
19.78,91.60185430390400
19.8,91.64160262481630
19.82,91.68132710238440
19.84,91.72102777425560
19.86,91.76070467798030
19.88,91.80035785101190
19.9,91.83998733070750
19.92,91.8795931543279
19.94,91.91917535903840
19.96,91.9587339819087
19.98,91.99826905991350
20.0,92.03778062993270
20.02,92.07726872875200
20.04,92.11673339306270
20.06,92.15617465946260
20.08,92.1955925644562
20.1,92.23498714445470
20.12,92.27435843577670
20.14,92.3137064746482
20.16,92.35303129720350
20.18,92.3923329394847
20.2,92.43161143744280
20.22,92.4708668269376
20.24,92.51009914373800
20.26,92.54930842352250
20.28,92.58849470187940
20.3,92.62765801430740
20.32,92.66679839621530
20.34,92.7059158829229
20.36,92.74501050966110
20.38,92.78408231157230
20.4,92.82313132371030
20.42,92.86215758104130
20.44,92.90116111844360
20.46,92.9401419707082
20.48,92.97910017253910
20.5,93.01803575855360
20.52,93.05694876328230
20.54,93.09583922116980
20.56,93.13470716657500
20.58,93.17355263377100
20.6,93.21237565694580
20.62,93.25117627020220
20.64,93.28995450755870
20.66,93.32871040294900
20.68,93.36744399022320
20.7,93.406155303147
20.72,93.44484437540310
20.74,93.48351124059070
20.76,93.52215593222630
20.78,93.56077848374330
20.8,93.59937892849320
20.82,93.63795729974520
20.84,93.67651363068670
20.86,93.71504795442350
20.88,93.75356030398020
20.9,93.79205071230050
20.92,93.8305192122473
20.94,93.86896583660310
20.96,93.9073906180703
20.98,93.9457935892713
21.0,93.984174782749
21.02,94.0225342309669
21.04,94.06087196630940
21.06,94.09918802108220
21.08,94.13748242751240
21.1,94.17575521774870
21.12,94.21400642386210
21.14,94.25223607784550
21.16,94.29044421161450
21.18,94.32863085700750
21.2,94.3667960457858
21.22,94.40493980963420
21.24,94.44306218016080
21.26,94.48116318889770
21.28,94.51924286730090
21.3,94.5573012467509
21.32,94.59533835855260
21.34,94.63335423393580
21.36,94.67134890405540
21.38,94.70932239999160
21.4,94.74727475275000
21.42,94.7852059932622
21.44,94.82311615238590
21.46,94.86100526090490
21.48,94.89887334952980
21.5,94.9367204488978
21.52,94.9745465895732
21.54,95.01235180204760
21.56,95.05013611674000
21.58,95.08789956399740
21.6,95.12564217409460
21.62,95.16336397723460
21.64,95.20106500354910
21.66,95.23874528309820
21.68,95.27640484587110
21.7,95.31404372178630
21.72,95.35166194069140
21.74,95.38925953236390
21.76,95.4268365265111
21.78,95.46439295277020
21.8,95.50192884070900
21.82,95.53944421982570
21.84,95.57693911954930
21.86,95.61441356923970
21.88,95.65186759818830
21.9,95.68930123561780
21.92,95.72671451068230
21.94,95.76410745246830
21.96,95.80148008999410
21.98,95.83883245221030
22.0,95.87616456800030
22.02,95.91347646617990
22.04,95.95076817549840
22.06,95.98803972463780
22.08,96.02529114221390
22.1,96.06252245677580
22.12,96.09973369680670
22.14,96.13692489072390
22.16,96.17409606687870
22.18,96.21124725355710
22.2,96.2483784789797
22.22,96.28548977130210
22.24,96.32258115861500
22.26,96.35965266894430
22.28,96.39670433025160
22.3,96.43373617043400
22.32,96.47074821732470
22.34,96.50774049869320
22.36,96.54471304224490
22.38,96.5816658756222
22.4,96.61859902640400
22.42,96.65551252210620
22.44,96.69240639018190
22.46,96.72928065802160
22.48,96.76613535295300
22.5,96.80297050224210
22.52,96.83978613309240
22.54,96.87658227264570
22.56,96.91335894798210
22.58,96.95011618612040
22.6,96.98685401401780
22.62,97.02357245857070
22.64,97.06027154661460
22.66,97.09695130492400
22.68,97.13361176021310
22.7,97.17025293913600
22.72,97.20687486828620
22.74,97.24347757419760
22.76,97.28006108334420
22.78,97.31662542214060
22.8,97.3531706169417
22.82,97.38969669404350
22.84,97.42620367968290
22.86,97.46269160003800
22.88,97.49916048122800
22.9,97.53561034931410
22.92,97.57204123029870
22.94,97.60845315012660
22.96,97.64484613468430
22.98,97.68122020980070
23.0,97.71757540124730
23.02,97.75391173473780
23.04,97.7902292359291
23.06,97.82652793042090
23.08,97.86280784375610
23.1,97.8990690014208
23.12,97.93531142884470
23.14,97.97153515140120
23.16,98.00774019440750
23.18,98.04392658312470
23.2,98.08009434275820
23.22,98.11624349845790
23.24,98.15237407531800
23.26,98.18848609837750
23.28,98.22457959262020
23.3,98.26065458297500
23.32,98.29671109431600
23.34,98.33274915146260
23.36,98.36876877917990
23.38,98.40477000217860
23.4,98.44075284511520
23.42,98.47671733259240
23.44,98.5126634891589
23.46,98.5485913393099
23.48,98.5845009074871
23.5,98.6203922180789
23.52,98.65626529542050
23.54,98.69212016379410
23.56,98.72795684742910
23.58,98.76377537050230
23.6,98.79957575713790
23.62,98.83535803140760
23.64,98.87112221733130
23.66,98.90686833887650
23.68,98.94259641995890
23.7,98.97830648444250
23.72,99.01399855613990
23.74,99.04967265881190
23.76,99.08532881616850
23.78,99.12096705186810
23.8,99.15658738951860
23.82,99.19218985267670
23.84,99.22777446484880
23.86,99.26334124949050
23.88,99.29889023000730
23.9,99.33442142975420
23.92,99.36993487203660
23.94,99.40543058010940
23.96,99.44090857717840
23.98,99.47636888639920
24.0,99.5118115308783
24.02,99.54723653367280
24.04,99.58264391779070
24.06,99.61803370619080
24.08,99.65340592178310
24.1,99.68876058742900
24.12,99.72409772594110
24.14,99.7594173600838
24.16,99.79471951257300
24.18,99.83000420607640
24.2,99.86527146321400
24.22,99.9005213065575
24.24,99.93575375863120
24.26,99.97096884191160
24.28,100.00616657882800
24.3,100.04134699176200
24.32,100.0765101030480
24.34,100.11165593497400
24.36,100.14678450978100
24.38,100.18189584966200
24.4,100.21698997676500
24.42,100.25206691319100
24.44,100.28712668099400
24.46,100.32216930218100
24.48,100.35719479871700
24.5,100.39220319251500
24.52,100.42719450544800
24.54,100.46216875933900
24.56,100.49712597596800
24.58,100.53206617706800
24.6,100.56698938432800
24.62,100.60189561939100
24.64,100.63678490385500
24.66,100.67165725927400
24.68,100.70651270715500
24.7,100.741351268964
24.72,100.7761729661190
24.74,100.81097781999500
24.76,100.84576585192300
24.78,100.8805370831900
24.8,100.91529153503800
24.82,100.95002922866600
24.84,100.9847501852290
24.86,101.01945442583800
24.88,101.05414197156100
24.9,101.08881284342300
24.92,101.1234670624050
24.94,101.15810464944400
24.96,101.19272562543700
24.98,101.22733001123500
25.0,101.26191782764700
25.02,101.2964890954410
25.04,101.331043835341
25.06,101.36558206802800
25.08,101.40010381414300
25.1,101.4346090942820
25.12,101.46909792900100
25.14,101.50357033881400
25.16,101.53802634419300
25.18,101.57246596556600
25.2,101.6068892233230
25.22,101.6412961378120
25.24,101.67568672933600
25.26,101.71006101816100
25.28,101.7444190245110
25.3,101.77876076856800
25.32,101.81308627047200
25.34,101.8473955503260
25.36,101.88168862818800
25.38,101.91596552408000
25.4,101.9502262579790
25.42,101.98447084982500
25.44,102.01869931951700
25.46,102.05291168691300
25.48,102.08710797183200
25.5,102.12128819405200
25.52,102.15545237331400
25.54,102.18960052931600
25.56,102.22373268171800
25.58,102.25784885014100
25.6,102.29194905416700
25.62,102.32603331333600
25.64,102.3601016471530
25.66,102.39415407508200
25.68,102.4281906165470
25.7,102.46221129093400
25.72,102.49621611759300
25.74,102.53020511583200
25.76,102.56417830492200
25.78,102.59813570409500
25.8,102.63207733254500
25.82,102.66600320943000
25.84,102.69991335386600
25.86,102.73380778493500
25.88,102.7676865216790
25.9,102.80154958310100
25.92,102.83539698817100
25.94,102.86922875581700
25.96,102.90304490493100
25.98,102.93684545436900
26.0,102.97063042294800
26.02,103.00439982945000
26.04,103.03815369261700
26.06,103.07189203115800
26.08,103.10561486374100
26.1,103.13932220900000
26.12,103.17301408553300
26.14,103.20669051190000
26.16,103.24035150662400
26.18,103.27399708819300
26.2,103.30762727505900
26.22,103.34124208563800
26.24,103.37484153830900
26.26,103.40842565141500
26.28,103.44199444326400
26.3,103.4755479321290
26.32,103.50908613624500
26.34,103.54260907381500
26.36,103.57611676300300
26.38,103.60960922194000
26.4,103.64308646872100
26.42,103.67654852140600
26.44,103.70999539801900
26.46,103.74342711655200
26.48,103.77684369495900
26.5,103.81024515116100
26.52,103.8436315030430
26.54,103.87700276845600
26.56,103.91035896521900
26.58,103.94370011111200
26.6,103.97702622388400
26.62,104.01033732124900
26.64,104.04363342088800
26.66,104.07691454044500
26.68,104.11018069753200
26.7,104.1434319097290
26.72,104.17666819457900
26.74,104.20988956959300
26.76,104.2430960522480
26.78,104.27628765998900
26.8,104.30946441022400
26.82,104.34262632033200
26.84,104.3757734076570
26.86,104.4089056895080
26.88,104.4420231831650
26.9,104.47512590587100
26.92,104.50821387483900
26.94,104.54128710724800
26.96,104.57434562024400
26.98,104.60738943094200
27.0,104.64041855642300
27.02,104.67343301373500
27.04,104.70643281989700
27.06,104.73941799189100
27.08,104.77238854667100
27.1,104.80534450115600
27.12,104.83828587223500
27.14,104.87121267676500
27.16,104.90412493156900
27.18,104.93702265344100
27.2,104.96990585914200
27.22,105.00277456540000
27.24,105.03562878891500
27.26,105.06846854635300
27.28,105.10129385434900
27.3,105.13410472950700
27.32,105.16690118840000
27.34,105.19968324757000
27.36,105.23245092352800
27.38,105.26520423275300
27.4,105.29794319169600
27.42,105.33066781677300
27.44,105.36337812437300
27.46,105.39607413085200
27.48,105.42875585253800
27.5,105.46142330572500
27.52,105.4940765066810
27.54,105.52671547164000
27.56,105.55934021680700
27.58,105.59195075835700
27.6,105.6245471124370
27.62,105.65712929515900
27.64,105.68969732261000
27.66,105.7222512108460
27.68,105.75479097589000
27.7,105.78731663374100
27.72,105.8198282003630
27.74,105.85232569169300
27.76,105.8848091236390
27.78,105.91727851208000
27.8,105.94973387286200
27.82,105.98217522180700
27.84,106.01460257470500
27.86,106.047015947316
27.88,106.07941535537300
27.9,106.11180081458000
27.92,106.14417234061100
27.94,106.17652994911100
27.96,106.2088736556990
27.98,106.24120347596100
28.0,106.27351942545900
28.02,106.30582151972400
28.04,106.33810977425800
28.06,106.37038420453700
28.08,106.40264482600600
28.1,106.43489165408500
28.12,106.4671247041630
28.14,106.4993439916020
28.16,106.53154953173700
28.18,106.56374133987300
28.2,106.59591943128900
28.22,106.6280838212360
28.24,106.6602345249370
28.26,106.69237155758600
28.28,106.72449493435200
28.3,106.75660467037500
28.32,106.78870078076700
28.34,106.8207832806150
28.36,106.85285218497600
28.38,106.88490750888100
28.4,106.91694926733500
28.42,106.94897747531400
28.44,106.98099214776700
28.46,107.01299329961900
28.48,107.04498094576400
28.5,107.07695510107200
28.52,107.10891578038500
28.54,107.1408629985190
28.56,107.17279677026300
28.58,107.20471711038100
28.6,107.23662403360700
28.62,107.26851755465200
28.64,107.30039768819900
28.66,107.33226444890500
28.68,107.36411785140200
28.7,107.395957910294
28.72,107.42778464016000
28.74,107.45959805555100
28.76,107.49139817099700
28.78,107.52318500099600
28.8,107.55495856002400
28.82,107.58671886253100
28.84,107.61846592293900
28.86,107.65019975564800
28.88,107.68192037502900
28.9,107.71362779542900
28.92,107.74532203116900
28.94,107.77700309654700
28.96,107.8086710058320
28.98,107.84032577327000
29.0,107.8719674130810
29.02,107.90359593946000
29.04,107.9352113665780
29.06,107.96681370858000
29.08,107.99840297958500
29.1,108.02997919369000
29.12,108.06154236496400
29.14,108.0930925074540
29.16,108.12462963517900
29.18,108.15615376213700
29.2,108.18766490229900
29.22,108.21916306961300
29.24,108.25064827800100
29.26,108.28212054136200
29.28,108.31357987356900
29.3,108.34502628847300
29.32,108.3764597998990
29.34,108.40788042164800
29.36,108.43928816749700
29.38,108.47068305120100
29.4,108.5020650864870
29.42,108.53343428706100
29.44,108.56479066660500
29.46,108.59613423877600
29.48,108.6274650172080
29.5,108.65878301551100
29.52,108.6900882472710
29.54,108.72138072605200
29.56,108.75266046539300
29.58,108.78392747880900
29.6,108.81518177979400
29.62,108.84642338181500
29.64,108.87765229832000
29.66,108.90886854273000
29.68,108.94007212844400
29.7,108.97126306884000
29.72,109.00244137727000
29.74,109.03360706706400
29.76,109.06476015153000
29.78,109.09590064395100
29.8,109.12702855758900
29.82,109.15814390568200
29.84,109.1892467014470
29.86,109.22033695807600
29.88,109.25141468873900
29.9,109.28247990658600
29.92,109.3135326247400
29.94,109.34457285630400
29.96,109.37560061436000
29.98,109.4066159119650
30.0,109.43761876215500
30.02,109.46860917794300
30.04,109.49958717232000
30.06,109.5305527582560
30.08,109.56150594869600
30.1,109.59244675656800
30.12,109.62337519477200
30.14,109.65429127619000
30.16,109.68519501368100
30.18,109.71608642008200
30.2,109.7469655082090
30.22,109.7778322908550
30.24,109.8086867807910
30.26,109.83952899076900
30.28,109.87035893351600
30.3,109.90117662174000
30.32,109.93198206812700
30.34,109.96277528534000
30.36,109.99355628602300
30.38,110.02432508279600
30.4,110.05508168826100
30.42,110.085826114995
30.44,110.11655837555700
30.46,110.14727848248200
30.48,110.17798644828700
30.5,110.20868228546600
30.52,110.23936600649300
30.54,110.2700376238180
30.56,110.30069714987600
30.58,110.33134459707500
30.6,110.36197997780600
30.62,110.39260330443700
30.64,110.42321458931900
30.66,110.45381384477700
30.68,110.4844010831200
30.7,110.51497631663400
30.72,110.54553955758500
30.74,110.57609081821900
30.76,110.60663011076000
30.78,110.63715744741500
30.8,110.66767284036600
30.82,110.69817630178000
30.84,110.72866784379800
30.86,110.75914747854600
30.88,110.78961521812700
30.9,110.82007107462500
30.92,110.85051506010200
30.94,110.8809471866040
30.96,110.91136746615200
30.98,110.94177591075200
31.0,110.97217253238600
31.02,111.0025573430190
31.04,111.03293035459500
31.06,111.06329157903900
31.08,111.09364102825500
31.1,111.12397871412900
31.12,111.15430464852600
31.14,111.18461884329200
31.16,111.21492131025400
31.18,111.2452120612190
31.2,111.27549110797500
31.22,111.3057584622900
31.24,111.33601413591200
31.26,111.36625814057300
31.28,111.3964904879810
31.3,111.42671118982900
31.32,111.45692025778900
31.34,111.48711770351400
31.36,111.51730353863700
31.38,111.54747777477400
31.4,111.57764042352100
31.42,111.60779149645500
31.44,111.6379310051340
31.46,111.66805896109700
31.48,111.69817537586500
31.5,111.72828026093900
31.52,111.75837362780400
31.54,111.78845548792200
31.56,111.81852585274100
31.58,111.84858473368600
31.6,111.87863214216700
31.62,111.90866808957400
31.64,111.93869258727900
31.66,111.96870564663400
31.68,111.99870727897400
31.7,112.02869749561600
31.72,112.05867630785900
31.74,112.08864372698100
31.76,112.11859976424600
31.78,112.14854443089600
31.8,112.17847773815600
31.82,112.20839969723500
31.84,112.23831031932100
31.86,112.26820961558500
31.88,112.29809759718200
31.9,112.32797427524500
31.92,112.35783966089300
31.94,112.38769376522500
31.96,112.41753659932300
31.98,112.44736817425100
32.0,112.47718850105600
32.02,112.5069975907640
32.04,112.53679545438900
32.06,112.56658210292200
32.08,112.59635754734000
32.1,112.62612179860100
32.12,112.65587486764500
32.14,112.68561676539600
32.16,112.71534750275900
32.18,112.74506709062300
32.2,112.77477553985900
32.22,112.80447286132100
32.24,112.83415906584400
32.26,112.86383416424900
32.28,112.89349816733700
32.3,112.92315108589400
32.32,112.95279293068600
32.34,112.98242371246600
32.36,113.0120434419650
32.38,113.04165212990200
32.4,113.07124978697500
32.42,113.10083642386800
32.44,113.13041205124600
32.46,113.15997667975900
32.48,113.18953032003700
32.5,113.21907298269800
32.52,113.24860467834000
32.54,113.27812541754400
32.56,113.30763521087500
32.58,113.33713406888300
32.6,113.36662200210000
32.62,113.39609902104000
32.64,113.42556513620400
32.66,113.45502035807200
32.68,113.48446469711200
32.7,113.51389816377400
32.72,113.54332076848900
32.74,113.572732521675
32.76,113.60213343373300
32.78,113.63152351504600
32.8,113.66090277598400
32.82,113.69027122689700
32.84,113.71962887812200
32.86,113.74897573997700
32.88,113.77831182276700
32.9,113.807637136778
32.92,113.83695169228200
32.94,113.86625549953500
32.96,113.89554856877500
32.98,113.92483091022600
33.0,113.95410253409600
33.02,113.983363450576
33.04,114.01261366984200
33.06,114.04185320205500
33.08,114.07108205735800
33.1,114.1003002458800
33.12,114.12950777773400
33.14,114.1587046630180
33.16,114.18789091181200
33.18,114.21706653418300
33.2,114.24623154018200
33.22,114.27538593984300
33.24,114.30452974318600
33.26,114.33366296021500
33.28,114.36278560091800
33.3,114.39189767526900
33.32,114.42099919322600
33.34,114.45009016473100
33.36,114.4791705997110
33.38,114.5082405080780
33.4,114.53729989973000
33.42,114.56634878454700
33.44,114.59538717239600
33.46,114.62441507312900
33.48,114.6534324965810
33.5,114.68243945257400
33.52,114.71143595091300
33.54,114.74042200139100
33.56,114.76939761378200
33.58,114.79836279784900
33.6,114.82731756333700
33.62,114.85626191997800
33.64,114.88519587748900
33.66,114.91411944557100
33.68,114.94303263391100
33.7,114.97193545218100
33.72,115.00082791004000
33.74,115.02971001712900
33.76,115.05858178307800
33.78,115.08744321749900
33.8,115.11629432999100
33.82,115.14513513014000
33.84,115.17396562751400
33.86,115.20278583167000
33.88,115.23159575214800
33.9,115.26039539847400
33.92,115.2891847801610
33.94,115.31796390670700
33.96,115.3467327875940
33.98,115.37549143229200
34.0,115.40423985025600
34.02,115.43297805092500
34.04,115.46170604372700
34.06,115.4904238380730
34.08,115.51913144336000
34.1,115.5478288689740
34.12,115.57651612428400
34.14,115.60519321864400
34.16,115.63386016139700
34.18,115.66251696187000
34.2,115.69116362937600
34.22,115.71980017321600
34.24,115.74842660267400
34.26,115.77704292702200
34.28,115.80564915551800
34.3,115.83424529740700
34.32,115.86283136191700
34.34,115.89140735826600
34.36,115.91997329565600
34.38,115.94852918327700
34.4,115.97707503030200
34.42,116.00561084589400
34.44,116.03413663920000
34.46,116.06265241935500
34.48,116.09115819547900
34.5,116.11965397667900
34.52,116.1481397720500
34.54,116.17661559067000
34.56,116.20508144160600
34.58,116.23353733391200
34.6,116.26198327662600
34.62,116.29041927877600
34.64,116.31884534937500
34.66,116.34726149742100
34.68,116.37566773190100
34.7,116.4040640617880
34.72,116.43245049604100
34.74,116.46082704360700
34.76,116.48919371342000
34.78,116.51755051439900
34.8,116.54589745545200
34.82,116.5742345454710
34.84,116.60256179333900
34.86,116.63087920792100
34.88,116.6591867980740
34.9,116.68748457263800
34.92,116.71577254044200
34.94,116.74405071030200
34.96,116.77231909102000
34.98,116.80057769138700
35.0,116.8288265201780
35.02,116.85706558615900
35.04,116.88529489808000
35.06,116.91351446467900
35.08,116.94172429468200
35.1,116.96992439680300
35.12,116.99811477974100
35.14,117.02629545218300
35.16,117.05446642280400
35.18,117.08262770026700
35.2,117.11077929322100
35.22,117.1389212103020
35.24,117.1670534601350
35.26,117.19517605133200
35.28,117.22328899249200
35.3,117.25139229220100
35.32,117.27948595903400
35.34,117.30757000155300
35.36,117.33564442830600
35.38,117.36370924783200
35.4,117.39176446865400
35.42,117.41981009928500
35.44,117.44784614822400
35.46,117.47587262396000
35.48,117.50388953496700
35.5,117.53189688970900
35.52,117.55989469663600
35.54,117.58788296418800
35.56,117.61586170079000
35.58,117.64383091485800
35.6,117.67179061479200
35.62,117.69974080898400
35.64,117.7276815058120
35.66,117.7556127136410
35.68,117.7835344408250
35.7,117.81144669570600
35.72,117.83934948661400
35.74,117.8672428218680
35.76,117.89512670977300
35.78,117.92300115862400
35.8,117.95086617670200
35.82,117.97872177227800
35.84,118.00656795361000
35.86,118.03440472894600
35.88,118.06223210652100
35.9,118.09005009455600
35.92,118.11785870126500
35.94,118.14565793484600
35.96,118.17344780348800
35.98,118.2012283153670
36.0,118.22899947864700
36.02,118.2567613014820
36.04,118.28451379201300
36.06,118.31225695837000
36.08,118.33999080867100
36.1,118.36771535102400
36.12,118.39543059352200
36.14,118.42313654425000
36.16,118.45083321128100
36.18,118.47852060267500
36.2,118.50619872648100
36.22,118.53386759073700
36.24,118.56152720347000
36.26,118.58917757269600
36.28,118.61681870641800
36.3,118.64445061262900
36.32,118.67207329931000
36.34,118.69968677443100
36.36,118.72729104595100
36.38,118.75488612181700
36.4,118.78247200996600
36.42,118.81004871832400
36.44,118.83761625480300
36.46,118.86517462730800
36.48,118.8927238437290
36.5,118.92026391194700
36.52,118.94779483983300
36.54,118.97531663524400
36.56,119.00282930602800
36.58,119.03033286002100
36.6,119.05782730505
36.62,119.08531264892800
36.64,119.11278889946
36.66,119.14025606443800
36.68,119.16771415164300
36.7,119.19516316884700
36.72,119.22260312381000
36.74,119.25003402428000
36.76,119.2774558779970
36.78,119.30486869268800
36.8,119.3322724760700
36.82,119.35966723584800
36.84,119.38705297971800
36.86,119.41442971536600
36.88,119.44179745046400
36.9,119.46915619267600
36.92,119.49650594965400
36.94,119.52384672904100
36.96,119.5511785384680
36.98,119.57850138555500
37.0,119.60581527791400
37.02,119.6331202231420
37.04,119.66041622883100
37.06,119.68770330255800
37.08,119.71498145189100
37.1,119.74225068438800
37.12,119.76951100759700
37.14,119.79676242905400
37.16,119.8240049562850
37.18,119.85123859680600
37.2,119.87846335812400
37.22,119.90567924773300
37.24,119.93288627311800
37.26,119.96008444175500
37.28,119.98727376110600
37.3,120.01445423862700
37.32,120.04162588176200
37.34,120.06878869794300
37.36,120.09594269459400
37.38,120.12308787912900
37.4,120.15022425895000
37.42,120.17735184145000
37.44,120.20447063401300
37.46,120.23158064401000
37.48,120.25868187880500
37.5,120.28577434574900
37.52,120.3128580521850
37.54,120.33993300544600
37.56,120.36699921285400
37.58,120.39405668172100
37.6,120.42110541934900
37.62,120.44814543303100
37.64,120.47517673005000
37.66,120.50219931767800
37.68,120.52921320317700
37.7,120.55621839380100
37.72,120.58321489679200
37.74,120.61020271938400
37.76,120.6371818687980
37.78,120.66415235225000
37.8,120.69111417694200
37.82,120.71806735006900
37.84,120.74501187881400
37.86,120.77194777035200
37.88,120.79887503184700
37.9,120.82579367045500
37.92,120.8527036933200
37.94,120.87960510757800
37.96,120.90649792035500
37.98,120.93338213876700
38.0,120.96025776992100
38.02,120.98712482091500
38.04,121.01398329883500
38.06,121.04083321075900
38.08,121.06767456375700
38.1,121.09450736488600
38.12,121.12133162119700
38.14,121.14814733972900
38.16,121.17495452751200
38.18,121.20175319156800
38.2,121.22854333890800
38.22,121.25532497653500
38.24,121.28209811144000
38.26,121.30886275060800
38.28,121.33561890101300
38.3,121.36236656961800
38.32,121.38910576338000
38.34,121.41583648924500
38.36,121.44255875414800
38.38,121.46927256501900
38.4,121.49597792877400
38.42,121.52267485232300
38.44,121.54936334256500
38.46,121.57604340639200
38.48,121.602715050684
38.5,121.62937828231400
38.52,121.65603310814400
38.54,121.68267953502800
38.56,121.70931756981200
38.58,121.73594721933100
38.6,121.76256849041100
38.62,121.78918138987000
38.64,121.81578592451700
38.66,121.84238210115000
38.68,121.86896992656000
38.7,121.89554940752800
38.72,121.92212055082800
38.74,121.94868336322100
38.76,121.97523785146400
38.78,122.00178402230000
38.8,122.02832188246700
38.82,122.05485143869300
38.84,122.08137269769600
38.86,122.1078856661860
38.88,122.13439035086400
38.9,122.1608867584230
38.92,122.18737489554600
38.94,122.21385476890700
38.96,122.24032638517200
38.98,122.26678975099900
39.0,122.29324487303500
39.02,122.3196917579200
39.04,122.34613041228500
39.06,122.37256084275100
39.08,122.3989830559330
39.1,122.42539705843500
39.12,122.45180285685300
39.14,122.47820045777400
39.16,122.50458986777800
39.18,122.5309710934330
39.2,122.55734414130300
39.22,122.58370901793900
39.24,122.61006572988600
39.26,122.63641428368000
39.28,122.66275468584800
39.3,122.68908694291000
39.32,122.71541106137400
39.34,122.74172704774400
39.36,122.76803490851100
39.38,122.79433465016200
39.4,122.82062627917200
39.42,122.84690980200900
39.44,122.87318522513300
39.46,122.89945255499500
39.48,122.92571179803800
39.5,122.95196296069600
39.52,122.97820604939500
39.54,123.00444107055200
39.56,123.0306680305780
39.58,123.05688693587200
39.6,123.08309779282900
39.62,123.10930060783100
39.64,123.13549538725600
39.66,123.16168213747200
39.68,123.18786086483700
39.7,123.21403157570400
39.72,123.24019427641500
39.74,123.26634897330700
39.76,123.2924956727050
39.78,123.31863438092800
39.8,123.34476510428800
39.82,123.37088784908500
39.84,123.39700262161600
39.86,123.42310942816600
39.88,123.4492082750130
39.9,123.47529916842700
39.92,123.50138211467000
39.94,123.52745711999600
39.96,123.55352419065200
39.98,123.57958333287400
40.0,123.60563455289300
40.02,123.63167785693100
40.04,123.65771325120200
40.06,123.68374074191100
40.08,123.70976033525700
40.1,123.7357720374290
40.12,123.76177585461100
40.14,123.78777179297500
40.16,123.8137598586890
40.18,123.83974005791100
40.2,123.86571239679200
40.22,123.8916768814750
40.24,123.91763351809300
40.26,123.94358231277500
40.28,123.96952327164000
40.3,123.99545640079900
40.32,124.02138170635700
40.34,124.04729919440800
40.36,124.07320887104200
40.38,124.09911074233900
40.4,124.12500481437100
40.42,124.15089109320300
40.44,124.17676958489400
40.46,124.202640295492
40.48,124.2285032310400
40.5,124.25435839757200
40.52,124.28020580111400
40.54,124.30604544768600
40.56,124.33187734329900
40.58,124.35770149395800
40.6,124.38351790565700
40.62,124.40932658438700
40.64,124.43512753612700
40.66,124.46092076685200
40.68,124.48670628252800
40.7,124.51248408911300
40.72,124.53825419255800
40.74,124.56401659880700
40.76,124.58977131379500
40.78,124.61551834345200
40.8,124.64125769369800
40.82,124.66698937044700
40.84,124.69271337960400
40.86,124.71842972707000
40.88,124.74413841873500
40.9,124.76983946048400
40.92,124.79553285819200
40.94,124.82121861772900
40.96,124.84689674495700
40.98,124.87256724573100
41.0,124.89823012589700
41.02,124.92388539129700
41.04,124.94953304776100
41.06,124.97517310111600
41.08,125.00080555717900
41.1,125.02643042176200
41.12,125.05204770066700
41.14,125.07765739969100
41.16,125.10325952462400
41.18,125.12885408124600
41.2,125.15444107533300
41.22,125.18002051265200
41.24,125.20559239896200
41.26,125.23115674001900
41.28,125.25671354156600
41.3,125.28226280934300
41.32,125.30780454908200
41.34,125.33333876650600
41.36,125.35886546733500
41.38,125.38438465727700
41.4,125.40989634203600
41.42,125.43540052730900
41.44,125.46089721878400
41.46,125.48638642214400
41.48,125.51186814306300
41.5,125.53734238721000
41.52,125.56280916024600
41.54,125.58826846782400
41.56,125.61372031559300
41.58,125.6391647091910
41.6,125.6646016542520
41.62,125.69003115640200
41.64,125.71545322126000
41.66,125.74086785443900
41.68,125.76627506154500
41.7,125.79167484817500
41.72,125.817067219921
41.74,125.84245218236800
41.76,125.86782974109400
41.78,125.89319990167000
41.8,125.9185626696600
41.82,125.9439180506220
41.84,125.96926605010500
41.86,125.99460667365400
41.88,126.0199399268060
41.9,126.04526581509000
41.92,126.07058434403000
41.94,126.0958955191440
41.96,126.12119934594000
41.98,126.14649582992100
42.0,126.17178497658500
42.02,126.19706679142000
42.04,126.22234127991100
42.06,126.24760844753200
42.08,126.27286829975500
42.1,126.29812084204000
42.12,126.32336607984600
42.14,126.34860401862200
42.16,126.37383466381000
42.18,126.39905802084700
42.2,126.4242740951630
42.22,126.44948289218100
42.24,126.474684417317
42.26,126.49987867598200
42.28,126.52506567357900
42.3,126.55024541550400
42.32,126.57541790714900
42.34,126.60058315389600
42.36,126.62574116112400
42.38,126.65089193420300
42.4,126.67603547849700
42.42,126.70117179936400
42.44,126.7263009021550
42.46,126.75142279221500
42.48,126.77653747488200
42.5,126.80164495548900
42.52,126.82674523936100
42.54,126.85183833181600
42.56,126.87692423816800
42.58,126.90200296372200
42.6,126.92707451377900
42.62,126.95213889363200
42.64,126.97719610856700
42.66,127.00224616386700
42.68,127.02728906480400
42.7,127.05232481664700
42.72,127.07735342465800
42.74,127.10237489409300
42.76,127.1273892301990
42.78,127.1523964382200
42.8,127.17739652339300
42.82,127.20238949094700
42.84,127.2273753461060
42.86,127.25235409408900
42.88,127.2773257401060
42.9,127.30229028936300
42.92,127.32724774705900
42.94,127.35219811838600
42.96,127.37714140853100
42.98,127.40207762267400
43.0,127.42700676599000
43.02,127.45192884364600
43.04,127.47684386080500
43.06,127.50175182262100
43.08,127.52665273424500
43.1,127.55154660082000
43.12,127.57643342748300
43.14,127.60131321936500
43.16,127.6261859815910
43.18,127.65105171928100
43.2,127.67591043754600
43.22,127.70076214149500
43.24,127.72560683622700
43.26,127.7504445268380
43.28,127.77527521841600
43.3,127.80009891604300
43.32,127.82491562479600
43.34,127.84972534974600
43.36,127.87452809595800
43.38,127.89932386848900
43.4,127.92411267239300
43.42,127.94889451271600
43.44,127.97366939449800
43.46,127.99843732277500
43.48,128.02319830257600
43.5,128.04795233892200
43.52,128.07269943683100
43.54,128.0974396013140
43.56,128.1221728373760
43.58,128.1468991500160
43.6,128.17161854422700
43.62,128.1963310249970
43.64,128.221036597308
43.66,128.24573526613500
43.68,128.27042703644700
43.7,128.29511191321000
43.72,128.3197899013800
43.74,128.34446100591100
43.76,128.36912523174900
43.78,128.39378258383500
43.8,128.4184330671030
43.82,128.44307668648300
43.84,128.46771344689900
43.86,128.49234335326700
43.88,128.51696641050000
43.9,128.54158262350400
43.92,128.56619199717900
43.94,128.59079453642000
43.96,128.61539024611600
43.98,128.63997913115000
44.0,128.66456119640000
44.02,128.68913644673800
44.04,128.71370488702900
44.06,128.73826652213500
44.08,128.76282135691000
44.1,128.7873693962030
44.12,128.8119106448590
44.14,128.83644510771400
44.16,128.8609727896010
44.18,128.88549369534700
44.2,128.91000782977300
44.22,128.93451519769400
44.24,128.9590158039210
44.26,128.98350965325800
44.28,129.00799675050300
44.3,129.0324771004490
44.32,129.0569507078850
44.34,129.08141757759200
44.36,129.10587771434700
44.38,129.1303311229200
44.4,129.1547778080790
44.42,129.1792177745810
44.44,129.20365102718300
44.46,129.22807757063200
44.48,129.25249740967300
44.5,129.2769105490440
44.52,129.30131699347600
44.54,129.3257167476980
44.56,129.3501098164310
44.58,129.37449620439100
44.6,129.39887591629000
44.62,129.42324895683100
44.64,129.44761533071700
44.66,129.47197504264000
44.68,129.49632809729000
44.7,129.52067449935200
44.72,129.54501425350300
44.74,129.56934736441700
44.76,129.59367383676100
44.78,129.61799367519800
44.8,129.64230688438500
44.82,129.6666134689720
44.84,129.69091343360800
44.86,129.71520678293200
44.88,129.73949352158100
44.9,129.76377365418500
44.92,129.7880471853690
44.94,129.81231411975200
44.96,129.83657446195000
44.98,129.8608282165720
45.0,129.88507538822200
45.02,129.90931598149800
45.04,129.9335500009950
45.06,129.95777745129900
45.08,129.98199833699600
45.1,130.006212662662
45.12,130.03042043287000
45.14,130.05462165218800
45.16,130.07881632517700
45.18,130.103004456396
45.2,130.12718605039500
45.22,130.15136111172300
45.24,130.17552964491900
45.26,130.19969165452100
45.28,130.2238471450600
45.3,130.24799612106200
45.32,130.27213858704800
45.34,130.29627454753400
45.36,130.32040400703100
45.38,130.34452697004400
45.4,130.36864344107500
45.42,130.39275342461800
45.44,130.41685692516400
45.46,130.44095394719800
45.48,130.46504449520200
45.5,130.48912857364900
45.52,130.5132061870100
45.54,130.53727733975100
45.56,130.5613420363310
45.58,130.5854002812050
45.6,130.60945207882400
45.62,130.633497433633
45.64,130.6575363500710
45.66,130.68156883257500
45.68,130.70559488557300
45.7,130.72961451349100
45.72,130.75362772074900
45.74,130.77763451176200
45.76,130.80163489094100
45.78,130.8256288626910
45.8,130.84961643141200
45.82,130.87359760150000
45.84,130.89757237734500
45.86,130.92154076333200
45.88,130.94550276384300
45.9,130.9694583832520
45.92,130.99340762593200
45.94,131.01735049624800
45.96,131.04128699856000
45.98,131.06521713722600
46.0,131.08914091659700
46.02,131.1130583410190
46.04,131.13696941483400
46.06,131.16087414237800
46.08,131.1847725279840
46.1,131.2086645759790
46.12,131.23255029068600
46.14,131.2564296764210
46.16,131.28030273749800
46.18,131.30416947822400
46.2,131.32802990290300
46.22,131.35188401583300
46.24,131.37573182130700
46.26,131.39957332361600
46.28,131.42340852704100
46.3,131.44723743586400
46.32,131.4710600543590
46.34,131.49487638679400
46.36,131.5186864374370
46.38,131.54249021054600
46.4,131.5662877103780
46.42,131.59007894118300
46.44,131.6138639072080
46.46,131.63764261269500
46.48,131.6614150618800
46.5,131.6851812589960
46.52,131.70894120827000
46.54,131.7326949139260
46.56,131.75644238018000
46.58,131.78018361124700
46.6,131.80391861133700
46.62,131.82764738465200
46.64,131.8513699353930
46.66,131.87508626775500
46.68,131.8987963859290
46.7,131.92250029409900
46.72,131.94619799644800
46.74,131.96988949715200
46.76,131.99357480038300
46.78,132.01725391030900
46.8,132.040926831092
46.82,132.06459356689100
46.84,132.0882541218600
46.86,132.11190850014700
46.88,132.13555670589800
46.9,132.15919874325200
46.92,132.1828346163460
46.94,132.20646432931
46.96,132.230087886271
46.98,132.25370529135100
47.0,132.2773165486680
47.02,132.30092166233400
47.04,132.32452063645800
47.06,132.34811347514500
47.08,132.37170018249300
47.1,132.39528076259800
47.12,132.41885521955200
47.14,132.44242355743900
47.16,132.46598578034200
47.18,132.48954189233700
47.2,132.51309189749900
47.22,132.53663579989500
47.24,132.56017360359000
47.26,132.5837053126430
47.28,132.607230931109
47.3,132.63075046303900
47.32,132.65426391248
47.34,132.67777128347300
47.36,132.70127258005700
47.38,132.72476780626400
47.4,132.74825696612400
47.42,132.77174006366000
47.44,132.79521710289400
47.46,132.81868808784100
47.48,132.84215302251200
47.5,132.86561191091500
47.52,132.8890647570520
47.54,132.91251156492200
47.56,132.93595233852000
47.58,132.95938708183400
47.6,132.9828157988520
47.62,133.0062384935530
47.64,133.02965516991500
47.66,133.05306583191000
47.68,133.07647048350800
47.7,133.0998691286720
47.72,133.12326177136100
47.74,133.14664841553300
47.76,133.17002906513700
47.78,133.19340372412200
47.8,133.21677239643000
47.82,133.24013508599900
47.84,133.26349179676400
47.86,133.2868425326560
47.88,133.3101872976000
47.9,133.33352609551900
47.92,133.3568589303290
47.94,133.38018580594300
47.96,133.40350672627300
47.98,133.42682169522100
48.0,133.45013071668900
48.02,133.47343379457400
48.04,133.49673093276900
48.06,133.52002213516000
48.08,133.54330740563400
48.1,133.56658674806900
48.12,133.5898601663420
48.14,133.61312766432400
48.16,133.63638924588400
48.18,133.65964491488300
48.2,133.68289467518300
48.22,133.70613853063800
48.24,133.7293764850990
48.26,133.75260854241400
48.28,133.77583470642500
48.3,133.79905498097100
48.32,133.82226936988800
48.34,133.84547787700500
48.36,133.86868050615000
48.38,133.89187726114500
48.4,133.9150681458090
48.42,133.93825316395600
48.44,133.96143231939700
48.46,133.98460561593800
48.48,134.00777305738200
48.5,134.03093464752600
48.52,134.0540903901660
48.54,134.0772402890910
48.56,134.10038434808900
48.58,134.1235225709400
48.6,134.1466549614240
48.62,134.16978152331500
48.64,134.19290226038400
48.66,134.21601717639600
48.68,134.2391262751140
48.7,134.26222956029600
48.72,134.28532703569800
48.74,134.30841870506800
48.76,134.3315045721550
48.78,134.35458464070100
48.8,134.37765891444400
48.82,134.4007273971190
48.84,134.42379009245700
48.86,134.44684700418500
48.88,134.4698981360260
48.9,134.49294349169800
48.92,134.51598307491800
48.94,134.53901688939600
48.96,134.56204493883900
48.98,134.58506722695200
49.0,134.60808375743400
49.02,134.63109453398000
49.04,134.65409956028300
49.06,134.6770988400300
49.08,134.70009237690600
49.1,134.72308017459000
49.12,134.74606223676000
49.14,134.7690385670880
49.16,134.79200916924300
49.18,134.81497404688900
49.2,134.83793320368800
49.22,134.86088664329700
49.24,134.88383436936900
49.26,134.90677638555500
49.28,134.9297126954990
49.3,134.95264330284500
49.32,134.97556821123000
49.34,134.99848742428900
49.36,135.02140094565200
49.38,135.04430877894700
49.4,135.06721092779700
49.42,135.09010739582000
49.44,135.1129981866330
49.46,135.13588330384800
49.48,135.1587627510720
49.5,135.18163653191100
49.52,135.20450464996400
49.54,135.22736710882800
49.56,135.25022391209800
49.58,135.27307506336200
49.6,135.29592056620500
49.62,135.3187604242110
49.64,135.34159464095700
49.66,135.3644232200180
49.68,135.38724616496600
49.7,135.41006347936600
49.72,135.4328751667830
49.74,135.4556812307770
49.76,135.47848167490300
49.78,135.5012765027150
49.8,135.52406571776100
49.82,135.54684932358700
49.84,135.56962732373400
49.86,135.59239972173900
49.88,135.61516652113800
49.9,135.63792772546100
49.92,135.66068333823500
49.94,135.68343336298300
49.96,135.7061778032250
49.98,135.72891666247700
50.0,135.75164994425100
50.02,135.77437765205800
50.04,135.79709978940100
50.06,135.81981635978300
50.08,135.8425273667020
50.1,135.8652328136520
50.12,135.88793270412400
50.14,135.9106270416060
50.16,135.93331582958100
50.18,135.95599907153000
50.2,135.97867677093000
50.22,136.00134893125300
50.24,136.0240155559700
50.26,136.04667664854500
50.28,136.06933221244200
50.3,136.09198225112000
50.32,136.11462676803400
50.34,136.13726576663600
50.36,136.1598992503750
50.38,136.18252722269500
50.4,136.20514968703700
50.42,136.22776664684000
50.44,136.25037810553800
50.46,136.2729840665610
50.48,136.29558453333800
50.5,136.3181795092910
50.52,136.34076899784200
50.54,136.3633530024070
50.56,136.38593152640000
50.58,136.40850457323100
50.6,136.43107214630600
50.62,136.4536342490290
50.64,136.47619088479800
50.66,136.49874205701100
50.68,136.52128776906000
50.7,136.54382802433300
50.72,136.5663628262180
50.74,136.58889217809700
50.76,136.61141608334800
50.78,136.63393454534700
50.8,136.65644756746600
50.82,136.67895515307500
50.84,136.70145730553800
50.86,136.72395402821700
50.88,136.74644532447100
50.9,136.7689311976560
50.92,136.79141165112300
50.94,136.8138866882200
50.96,136.83635631229300
50.98,136.85882052668300
51.0,136.8812793347290
51.02,136.90373273976500
51.04,136.92618074512300
51.06,136.94862335413100
51.08,136.97106057011500
51.1,136.99349239639600
51.12,137.01591883629200
51.14,137.03833989311700
51.16,137.0607555701840
51.18,137.08316587080100
51.2,137.10557079827300
51.22,137.12797035590100
51.24,137.15036454698400
51.26,137.17275337481600
51.28,137.19513684268900
51.3,137.21751495389200
51.32,137.23988771171000
51.34,137.26225511942500
51.36,137.284617180315
51.38,137.3069738976550
51.4,137.32932527471800
51.42,137.35167131477200
51.44,137.37401202108200
51.46,137.39634739691200
51.48,137.41867744551900
51.5,137.44100217016000
51.52,137.46332157408600
51.54,137.4856356605480
51.56,137.50794443279000
51.58,137.53024789405700
51.6,137.55254604758700
51.62,137.57483889661700
51.64,137.59712644437900
51.66,137.6194086941040
51.68,137.64168564901800
51.7,137.6639573123450
51.72,137.68622368730400
51.74,137.70848477711400
51.76,137.73074058498700
51.78,137.7529911141350
51.8,137.77523636776500
51.82,137.7974763490810
51.84,137.81971106128400
51.86,137.84194050757200
51.88,137.8641646911410
51.9,137.8863836151820
51.92,137.90859728288200
51.94,137.9308056974280
51.96,137.95300886200200
51.98,137.97520677978200
52.0,137.99739945394600
52.02,138.0195868876640
52.04,138.0417690841070
52.06,138.06394604644200
52.08,138.08611777783100
52.1,138.10828428143600
52.12,138.1304455604130
52.14,138.15260161791600
52.16,138.1747524570960
52.18,138.19689808110100
52.2,138.2190384930750
52.22,138.24117369616100
52.24,138.26330369349700
52.26,138.28542848821800
52.28,138.30754808345700
52.3,138.32966248234200
52.32,138.35177168800100
52.34,138.37387570355600
52.36,138.39597453212700
52.38,138.41806817683200
52.4,138.44015664078400
52.42,138.4622399270940
52.44,138.4843180388710
52.46,138.50639097921800
52.48,138.52845875123900
52.5,138.55052135803100
52.52,138.57257880269000
52.54,138.59463108831000
52.56,138.61667821797900
52.58,138.63872019478400
52.6,138.66075702181000
52.62,138.68278870213600
52.64,138.7048152388400
52.66,138.7268366349970
52.68,138.74885289367900
52.7,138.77086401795400
52.72,138.79287001088800
52.74,138.81487087554300
52.76,138.83686661497900
52.78,138.8588572322540
52.8,138.88084273041900
52.82,138.90282311252800
52.84,138.92479838162600
52.86,138.94676854075900
52.88,138.9687335929700
52.9,138.99069354129600
52.92,139.01264838877400
52.94,139.03459813843600
52.96,139.05654279331400
52.98,139.07848235643300
53.0,139.10041683081900
53.02,139.122346219492
53.04,139.14427052547100
53.06,139.16618975177100
53.08,139.18810390140600
53.1,139.21001297738300
53.12,139.23191698271100
53.14,139.25381592039300
53.16,139.27570979342900
53.18,139.2975986048180
53.2,139.31948235755600
53.22,139.3413610546330
53.24,139.36323469903900
53.26,139.38510329376200
53.28,139.4069668417830
53.3,139.42882534608500
53.32,139.45067880964500
53.34,139.472527235437
53.36,139.49437062643400
53.38,139.51620898560600
53.4,139.53804231591700
53.42,139.55987062033300
53.44,139.58169390181300
53.46,139.60351216331600
53.48,139.62532540779600
53.5,139.64713363820500
53.52,139.66893685749300
53.54,139.69073506860700
53.56,139.71252827448900
53.58,139.73431647808100
53.6,139.75609968232100
53.62,139.77787789014400
53.64,139.79965110448200
53.66,139.8214193282650
53.68,139.84318256441900
53.7,139.86494081587000
53.72,139.88669408553700
53.74,139.9084423763390
53.76,139.93018569119200
53.78,139.95192403300800
53.8,139.97365740469800
53.82,139.99538580916900
53.84,140.01710924932500
53.86,140.03882772806800
53.88,140.060541248297
53.9,140.08224981290800
53.92,140.1039534247950
53.94,140.12565208684800
53.96,140.14734580195500
53.98,140.16903457300100
54.0,140.19071840286900
54.02,140.212397294438
54.04,140.23407125058600
54.06,140.25574027418600
54.08,140.2774043681100
54.1,140.29906353522600
54.12,140.32071777840200
54.14,140.342367100499
54.16,140.36401150437900
54.18,140.38565099290000
54.2,140.40728556891600
54.22,140.42891523528000
54.24,140.45053999484200
54.26,140.47215985045000
54.28,140.49377480494600
54.3,140.5153848611740
54.32,140.5369900219710
54.34,140.55859029017500
54.36,140.58018566861900
54.38,140.60177616013300
54.4,140.62336176754700
54.42,140.64494249368600
54.44,140.66651834137200
54.46,140.68808931342600
54.48,140.70965541266600
54.5,140.73121664190600
54.52,140.7527730039590
54.54,140.7743245016350
54.56,140.7958711377400
54.58,140.8174129150800
54.6,140.83894983645400
54.62,140.86048190466400
54.64,140.88200912250500
54.66,140.90353149277100
54.68,140.92504901825300
54.7,140.94656170174000
54.72,140.96806954601800
54.74,140.98957255387000
54.76,141.01107072807700
54.78,141.0325640714170
54.8,141.05405258666600
54.82,141.07553627659700
54.84,141.09701514397900
54.86,141.11848919158100
54.88,141.1399584221680
54.9,141.16142283850200
54.92,141.1828824433440
54.94,141.20433723945000
54.96,141.2257872295760
54.98,141.247232416474
55.0,141.26867280289300
55.02,141.29010839158200
55.04,141.3115391852830
55.06,141.33296518673900
55.08,141.35438639869000
55.1,141.37580282387300
55.12,141.39721446502200
55.14,141.41862132486800
55.16,141.44002340614100
55.18,141.46142071156700
55.2,141.4828132438710
55.22,141.50420100577500
55.24,141.52558399999700
55.26,141.54696222925400
55.28,141.56833569625900
55.3,141.5897044037260
55.32,141.6110683543620
55.34,141.6324275508740
55.36,141.65378199596600
55.38,141.6751316923390
55.4,141.69647664269300
55.42,141.71781684972400
55.44,141.73915231612600
55.46,141.76048304459000
55.48,141.78180903780500
55.5,141.8031302984580
55.52,141.82444682923200
55.54,141.84575863281000
55.56,141.86706571187100
55.58,141.88836806909000
55.6,141.90966570714200
55.62,141.93095862869900
55.64,141.9522468364290
55.66,141.97353033300000
55.68,141.9948091210750
55.7,142.0160832033170
55.72,142.03735258238400
55.74,142.05861726093400
55.76,142.07987724162200
55.78,142.10113252709800
55.8,142.12238312001200
55.82,142.14362902301200
55.84,142.16487023874200
55.86,142.1861067698450
55.88,142.20733861896000
55.9,142.2285657887250
55.92,142.249788281774
55.94,142.2710061007400
55.96,142.29221924825400
55.98,142.31342772694200
56.0,142.33463153943000
56.02,142.355830688342
56.04,142.37702517629700
56.06,142.39821500591400
56.08,142.4194001798080
56.1,142.4405807005920
56.12,142.46175657087800
56.14,142.48292779327300
56.16,142.5040943703850
56.18,142.52525630481700
56.2,142.54641359916900
56.22,142.56756625604200
56.24,142.5887142780310
56.26,142.60985766773100
56.28,142.63099642773400
56.3,142.6521305606290
56.32,142.6732600690040
56.34,142.69438495544200
56.36,142.71550522252700
56.38,142.7366208728390
56.4,142.75773190895400
56.42,142.77883833345000
56.44,142.7999401488980
56.46,142.8210373578700
56.48,142.84212996293300
56.5,142.86321796665400
56.52,142.884301371596
56.54,142.90538018032100
56.56,142.92645439538700
56.58,142.94752401935200
56.6,142.9685890547700
56.62,142.98964950419300
56.64,143.01070537017000
56.66,143.03175665524900
56.68,143.052803361975
56.7,143.07384549289100
56.72,143.09488305053700
56.74,143.1159160374530
56.76,143.13694445617200
56.78,143.1579683092300
56.8,143.1789875991570
56.82,143.20000232848200
56.84,143.22101249973300
56.86,143.24201811543400
56.88,143.26301917810600
56.9,143.2840156902700
56.92,143.30500765444400
56.94,143.32599507314200
56.96,143.34697794887800
56.98,143.36795628416300
57.0,143.38893008150500
57.02,143.4098993434110
57.04,143.43086407238400
57.06,143.4518242709270
57.08,143.47277994153800
57.1,143.49373108671600
57.12,143.51467770895500
57.14,143.53561981074800
57.16,143.55655739458600
57.18,143.57749046295700
57.2,143.59841901834600
57.22,143.61934306323900
57.24,143.64026260011600
57.26,143.66117763145700
57.28,143.6820881597390
57.3,143.7029941874370
57.32,143.72389571702300
57.34,143.74479275096900
57.36,143.76568529174300
57.38,143.78657334181000
57.4,143.80745690363500
57.42,143.82833597967900
57.44,143.8492105724020
57.46,143.87008068426100
57.48,143.89094631771000
57.5,143.91180747520400
57.52,143.93266415919300
57.54,143.95351637212500
57.56,143.9743641164460
57.58,143.9952073946010
57.6,144.0160462090310
57.62,144.03688056217700
57.64,144.05771045647600
57.66,144.0785358943640
57.68,144.0993568782730
57.7,144.12017341063500
57.72,144.14098549387900
57.74,144.1617931304310
57.76,144.18259632271700
57.78,144.20339507315800
57.8,144.22418938417500
57.82,144.2449792581870
57.84,144.26576469760800
57.86,144.28654570485300
57.88,144.30732228233500
57.9,144.32809443246100
57.92,144.34886215764000
57.94,144.36962546027700
57.96,144.39038434277600
57.98,144.4111388075370
58.0,144.43188885695900
58.02,144.45263449343900
58.04,144.4733757193710
58.06,144.4941125371490
58.08,144.51484494916300
58.1,144.53557295780000
58.12,144.55629656544800
58.14,144.57701577449000
58.16,144.59773058730900
58.18,144.61844100628300
58.2,144.63914703379200
58.22,144.65984867221000
58.24,144.68054592391200
58.26,144.7012387912690
58.28,144.72192727664900
58.3,144.7426113824220
58.32,144.76329111095100
58.34,144.78396646460000
58.36,144.80463744573000
58.38,144.8253040567000
58.4,144.84596629986800
58.42,144.86662417758700
58.44,144.88727769221000
58.46,144.90792684608900
58.48,144.92857164157200
58.5,144.9492120810060
58.52,144.96984816673400
58.54,144.99047990110000
58.56,145.01110728644500
58.58,145.0317303251050
58.6,145.05234901941800
58.62,145.07296337171800
58.64,145.0935733843370
58.66,145.1141790596060
58.68,145.13478039985200
58.7,145.15537740740100
58.72,145.17597008457800
58.74,145.19655843370500
58.76,145.21714245710100
58.78,145.23772215708500
58.8,145.25829753597200
58.82,145.27886859607700
58.84,145.29943533971100
58.86,145.31999776918400
58.88,145.34055588680400
58.9,145.36110969487800
58.92,145.38165919570800
58.94,145.40220439159700
58.96,145.4227452848440
58.98,145.44328187774700
59.0,145.4638141726030
59.02,145.48434217170400
59.04,145.50486587734400
59.06,145.52538529181000
59.08,145.54590041739300
59.1,145.56641125637600
59.12,145.58691781104500
59.14,145.60742008368000
59.16,145.62791807656300
59.18,145.6484117919700
59.2,145.6689012321780
59.22,145.6893863994610
59.24,145.70986729609100
59.26,145.73034392433700
59.28,145.7508162864690
59.3,145.7712843847510
59.32,145.79174822144800
59.34,145.8122077988230
59.36,145.83266311913500
59.38,145.85311418464200
59.4,145.87356099760200
59.42,145.89400356026800
59.44,145.9144418748930
59.46,145.93487594372700
59.48,145.95530576901800
59.5,145.9757313530140
59.52,145.996152697959
59.54,146.01656980609500
59.56,146.03698267966400
59.58,146.05739132090400
59.6,146.07779573205300
59.62,146.09819591534400
59.64,146.11859187301100
59.66,146.13898360728600
59.68,146.15937112039700
59.7,146.17975441457100
59.72,146.20013349203500
59.74,146.22050835501100
59.76,146.24087900572200
59.78,146.26124544638600
59.8,146.2816076792210
59.82,146.30196570644400
59.84,146.32231953026700
59.86,146.3426691529040
59.88,146.36301457656400
59.9,146.38335580345600
59.92,146.40369283578500
59.94,146.42402567575700
59.96,146.4443543255730
59.98,146.4646787874350
60.0,146.48499906354100